<?xml version="1.0" encoding="UTF-8"?>
<project-private xmlns="http://www.netbeans.org/ns/project-private/1">
    <editor-bookmarks xmlns="http://www.netbeans.org/ns/editor-bookmarks/2" lastBookmarkId="0"/>
    <open-files xmlns="http://www.netbeans.org/ns/projectui-open-files/2">
        <group>
            <file>file:/D:/ResoPbo/Project-100%25-fix/Order-Makanan_R2S2-Devs/src/Customer/HalamanUtama.java</file>
            <file>file:/D:/ResoPbo/Project-100%25-fix/Order-Makanan_R2S2-Devs/src/Login/DbConnection.java</file>
            <file>file:/D:/ResoPbo/Project-100%25-fix/Order-Makanan_R2S2-Devs/src/LoginPanel/LoginAdmin.java</file>
            <file>file:/D:/ResoPbo/Project-100%25-fix/Order-Makanan_R2S2-Devs/src/AdminPanel/ManageTablePanel.java</file>
            <file>file:/D:/ResoPbo/Project-100%25-fix/Order-Makanan_R2S2-Devs/src/Login/LoginDAO.java</file>
            <file>file:/D:/ResoPbo/Project-100%25-fix/Order-Makanan_R2S2-Devs/src/DataDAO/DataDAO.java</file>
            <file>file:/D:/ResoPbo/Project-100%25-fix/Order-Makanan_R2S2-Devs/src/LoginPanel/LoginCustomer.java</file>
            <file>file:/D:/ResoPbo/Project-100%25-fix/Order-Makanan_R2S2-Devs/src/AdminPanel/InBoundPanel.java</file>
            <file>file:/D:/ResoPbo/Project-100%25-fix/Order-Makanan_R2S2-Devs/src/LoginPanel/Login.java</file>
            <file>file:/D:/ResoPbo/Project-100%25-fix/Order-Makanan_R2S2-Devs/src/Login/LoginSession.java</file>
            <file>file:/D:/ResoPbo/Project-100%25-fix/Order-Makanan_R2S2-Devs/src/PanelBottom/PanelRincian1.java</file>
            <file>file:/D:/ResoPbo/Project-100%25-fix/Order-Makanan_R2S2-Devs/src/Login/HalamanLogin.java</file>
            <file>file:/D:/ResoPbo/Project-100%25-fix/Order-Makanan_R2S2-Devs/src/DataDAO/KeranjangItem.java</file>
        </group>
    </open-files>
</project-private>
